Id,firstName,lastName,salary,managerId
1,firstName,lastName,1924442120,
2,firstName,lastName,556164688,565
3,firstName,lastName,32386632,145
4,firstName,lastName,1104119736,316
5,firstName,lastName,85995488,848
6,firstName,lastName,791940984,552
7,firstName,lastName,353283896,812
8,firstName,lastName,1283937224,159
9,firstName,lastName,1801006552,513
10,firstName10,lastName10,1713396920,384
11,firstName,lastName,1188788368,816
12,firstName,lastName,750699824,197
13,firstName,lastName,376325920,779
14,firstName,lastName,668935720,729
15,firstName,lastName,1586439848,215
16,firstName,lastName,959753912,376
17,firstName,lastName,1397897832,474
18,firstName,lastName,90859752,841
19,firstName,lastName,952311104,557
20,firstName,lastName,409987136,741
21,firstName,lastName,909730520,134
22,firstName,lastName,1409301216,543
23,firstName,lastName,1922890920,964
24,firstName,lastName,1707233336,852
25,firstName,lastName,1839777344,31
26,firstName,lastName,1958590880,379
27,firstName,lastName,861283136,224
28,firstName,lastName,451343752,52
29,firstName,lastName,2006441056,475
30,firstName,lastName,91941760,234
31,firstName,lastName,380851192,469
32,firstName,lastName,148268952,647
33,firstName,lastName,547809760,512
34,firstName,lastName,1664645600,793
35,firstName,lastName,1263440144,768
36,firstName,lastName,1329927304,472
37,firstName,lastName,367844680,993
38,firstName,lastName,1292724592,360
39,firstName,lastName,2010609536,9
40,firstName,lastName,1980310560,771
41,firstName,lastName,1719887096,148
42,firstName,lastName,358516712,606
43,firstName,lastName,2019839720,698
44,firstName,lastName,1713780096,111
45,firstName,lastName,1005756088,439
46,firstName,lastName,1394423640,807
47,firstName,lastName,1640560664,521
48,firstName,lastName,707217864,164
49,firstName,lastName,1280992464,810
50,firstName,lastName,2038353208,182
51,firstName,lastName,1863057664,584
52,firstName,lastName,1917833272,485
53,firstName,lastName,1939077504,77
54,firstName,lastName,665660440,101
55,firstName,lastName,647440816,616
56,firstName,lastName,2105233920,591
57,firstName,lastName,519979872,665
58,firstName,lastName,198722912,4
59,firstName,lastName,1986159112,807
60,firstName,lastName,1835341232,103
61,firstName,lastName,1634540776,259
62,firstName,lastName,2013674080,880
63,firstName,lastName,1685018752,193
64,firstName,lastName,1368802464,882
65,firstName,lastName,1744757352,510
66,firstName,lastName,2121537224,830
67,firstName,lastName,677182296,780
68,firstName,lastName,65395256,94
69,firstName,lastName,490509024,512
70,firstName,lastName,1682215200,706
71,firstName,lastName,1846165768,695
72,firstName,lastName,1838070200,312
73,firstName,lastName,972875136,181
74,firstName,lastName,1608244784,968
75,firstName,lastName,2120648984,686
76,firstName,lastName,1775324728,947
77,firstName,lastName,733831768,152
78,firstName,lastName,1830148328,10
79,firstName,lastName,1377562896,786
80,firstName,lastName,1308741080,875
81,firstName,lastName,921908032,196
82,firstName,lastName,1835790720,984
83,firstName,lastName,2144866184,754
84,firstName,lastName,544269360,930
85,firstName,lastName,317166880,457
86,firstName,lastName,1244320272,708
87,firstName,lastName,8384968,185
88,firstName,lastName,2119717704,349
89,firstName,lastName,648400848,156
90,firstName,lastName,579096864,126
91,firstName,lastName,532101744,869
92,firstName,lastName,658438848,856
93,firstName,lastName,842732664,147
94,firstName,lastName,41459456,286
95,firstName,lastName,825161960,600
96,firstName,lastName,423636216,345
97,firstName,lastName,453386016,925
98,firstName,lastName,1505305352,328
99,firstName,lastName,509469928,340
100,firstName,lastName,1140094032,742
101,firstName,lastName,1494039512,568
102,firstName,lastName,324176528,842
103,firstName,lastName,946323000,140
104,firstName,lastName,34997512,657
105,firstName,lastName,430113568,399
106,firstName,lastName,2041779928,703
107,firstName,lastName,179060600,461
108,firstName,lastName,1709765424,244
109,firstName,lastName,853832424,476
110,firstName,lastName,1812818656,183
111,firstName,lastName,666029496,329
112,firstName,lastName,1455937616,14
113,firstName,lastName,1962298312,840
114,firstName,lastName,890745528,27
115,firstName,lastName,562173144,436
116,firstName,lastName,1427697736,376
117,firstName,lastName,802728704,562
118,firstName,lastName,1746180552,813
119,firstName,lastName,517842856,748
120,firstName,lastName,1812400352,451
121,firstName,lastName,306241408,441
122,firstName,lastName,319242648,396
123,firstName,lastName,1620796552,933
124,firstName,lastName,555610344,937
125,firstName,lastName,712309456,663
126,firstName,lastName,1043758264,974
127,firstName,lastName,103800864,498
128,firstName,lastName,614157416,102
129,firstName,lastName,1367949080,119
130,firstName,lastName,119945616,337
131,firstName,lastName,2035558720,401
132,firstName,lastName,1137483392,718
133,firstName,lastName,916475840,841
134,firstName,lastName,1796990008,189
135,firstName,lastName,55473160,160
136,firstName,lastName,1368342672,459
137,firstName,lastName,1167205992,67
138,firstName,lastName,1120421176,233
139,firstName,lastName,939593464,86
140,firstName,lastName,309901080,131
141,firstName,lastName,1077057856,645
142,firstName,lastName,1925045472,131
143,firstName,lastName,922291000,304
144,firstName,lastName,1771337272,437
145,firstName,lastName,115433128,881
146,firstName,lastName,868318240,365
147,firstName,lastName,2069537584,717
148,firstName,lastName,2019701216,770
149,firstName,lastName,493264992,876
150,firstName,lastName,1468111760,807
151,firstName,lastName,1328430168,861
152,firstName,lastName,781722312,735
153,firstName,lastName,1758118256,344
154,firstName,lastName,728012208,491
155,firstName,lastName,926016200,869
156,firstName,lastName,171259768,182
157,firstName,lastName,1052716472,357
158,firstName,lastName,1734571312,311
159,firstName,lastName,397269632,847
160,firstName,lastName,392863032,798
161,firstName,lastName,264508408,670
162,firstName,lastName,1757803832,208
163,firstName,lastName,2088450336,777
164,firstName,lastName,1338456040,327
165,firstName,lastName,650333680,951
166,firstName,lastName,662825840,93
167,firstName,lastName,2031272408,554
168,firstName,lastName,1291245664,532
169,firstName,lastName,1122116648,327
170,firstName,lastName,552949624,320
171,firstName,lastName,999821056,660
172,firstName,lastName,938725072,348
173,firstName,lastName,987002000,661
174,firstName,lastName,1527628240,911
175,firstName,lastName,192507920,430
176,firstName,lastName,234865552,552
177,firstName,lastName,234758936,379
178,firstName,lastName,1546046360,447
179,firstName,lastName,1098759600,791
180,firstName,lastName,1084952472,9
181,firstName,lastName,252805536,202
182,firstName,lastName,696768104,454
183,firstName,lastName,1902383144,611
184,firstName,lastName,481924184,819
185,firstName,lastName,502324816,784
186,firstName,lastName,374157296,538
187,firstName,lastName,293098320,322
188,firstName,lastName,226754568,775
189,firstName,lastName,672513936,19
190,firstName,lastName,1732094832,416
191,firstName,lastName,22562048,972
192,firstName,lastName,213161120,868
193,firstName,lastName,912585792,498
194,firstName,lastName,1250408928,356
195,firstName,lastName,1172587952,747
196,firstName,lastName,165065400,793
197,firstName,lastName,65527696,571
198,firstName,lastName,1909927280,511
199,firstName,lastName,857864208,673
200,firstName,lastName,662478688,224
201,firstName,lastName,847061096,747
202,firstName,lastName,633476448,457
203,firstName,lastName,1822234216,185
204,firstName,lastName,2053438384,716
205,firstName,lastName,1785223088,16
206,firstName,lastName,1717928400,903
207,firstName,lastName,1193560976,616
208,firstName,lastName,1903630280,79
209,firstName,lastName,1943216512,770
210,firstName,lastName,2102141168,507
211,firstName,lastName,1763175184,776
212,firstName,lastName,1526366616,804
213,firstName,lastName,1106078216,311
214,firstName,lastName,1865865040,821
215,firstName,lastName,65412928,370
216,firstName,lastName,2032761976,913
217,firstName,lastName,1443911712,692
218,firstName,lastName,422193936,658
219,firstName,lastName,1666844752,810
220,firstName,lastName,984534160,1
221,firstName,lastName,654854440,438
222,firstName,lastName,1900869512,482
223,firstName,lastName,476754584,598
224,firstName,lastName,911810512,933
225,firstName,lastName,1714324976,359
226,firstName,lastName,1288970656,228
227,firstName,lastName,47309040,95
228,firstName,lastName,153114528,401
229,firstName,lastName,833503952,155
230,firstName,lastName,1604667272,306
231,firstName,lastName,2132848920,86
232,firstName,lastName,1676427416,904
233,firstName,lastName,649520432,239
234,firstName,lastName,584341712,572
235,firstName,lastName,461552664,516
236,firstName,lastName,659005016,420
237,firstName,lastName,1615982904,586
238,firstName,lastName,2043841464,458
239,firstName,lastName,1730467832,274
240,firstName,lastName,1089063696,960
241,firstName,lastName,1923018064,256
242,firstName,lastName,1375306776,897
243,firstName,lastName,478525656,936
244,firstName,lastName,625631168,892
245,firstName,lastName,759614264,413
246,firstName,lastName,683859736,721
247,firstName,lastName,56886936,564
248,firstName,lastName,155048392,365
249,firstName,lastName,1898336608,812
250,firstName,lastName,962543600,228
251,firstName,lastName,187684016,257
252,firstName,lastName,1228975648,907
253,firstName,lastName,12183072,285
254,firstName,lastName,948456200,251
255,firstName,lastName,793917856,851
256,firstName,lastName,1307662120,336
257,firstName,lastName,2015979368,436
258,firstName,lastName,1608143944,957
259,firstName,lastName,459454448,388
260,firstName,lastName,901855712,254
261,firstName,lastName,114846200,158
262,firstName,lastName,1813843528,894
263,firstName,lastName,479599488,402
264,firstName,lastName,73325608,401
265,firstName,lastName,726875016,120
266,firstName,lastName,1969820320,368
267,firstName,lastName,81080744,857
268,firstName,lastName,739215712,19
269,firstName,lastName,358904928,270
270,firstName,lastName,1303535864,504
271,firstName,lastName,1060888016,387
272,firstName,lastName,1231015024,804
273,firstName,lastName,1794487424,368
274,firstName,lastName,1997150480,465
275,firstName,lastName,107562736,925
276,firstName,lastName,122417672,9
277,firstName,lastName,413544520,202
278,firstName,lastName,1864976512,48
279,firstName,lastName,1075703672,753
280,firstName,lastName,1121161184,412
281,firstName,lastName,1966429304,870
282,firstName,lastName,1249217504,298
283,firstName,lastName,24244584,994
284,firstName,lastName,1294898448,222
285,firstName,lastName,1302990288,367
286,firstName,lastName,261096104,343
287,firstName,lastName,749197088,117
288,firstName,lastName,1185682768,741
289,firstName,lastName,1248784984,282
290,firstName,lastName,1390773864,483
291,firstName,lastName,502258384,447
292,firstName,lastName,296187584,709
293,firstName,lastName,1934739480,662
294,firstName,lastName,1859120600,574
295,firstName,lastName,1398050040,873
296,firstName,lastName,404970224,448
297,firstName,lastName,628565048,57
298,firstName,lastName,572158968,246
299,firstName,lastName,1881773296,913
300,firstName,lastName,954976512,271
301,firstName,lastName,468322016,811
302,firstName,lastName,993372160,370
303,firstName,lastName,1977891880,568
304,firstName,lastName,1892421552,662
305,firstName,lastName,680677832,69
306,firstName,lastName,1691487336,267
307,firstName,lastName,252905600,882
308,firstName,lastName,2115038224,384
309,firstName,lastName,1610643288,882
310,firstName,lastName,127166808,931
311,firstName,lastName,508229072,974
312,firstName,lastName,779222560,351
313,firstName,lastName,540209840,136
314,firstName,lastName,1004357248,695
315,firstName,lastName,433127328,937
316,firstName,lastName,1312101264,5
317,firstName,lastName,2107728352,24
318,firstName,lastName,1250706976,952
319,firstName,lastName,2105003512,451
320,firstName,lastName,1816596616,524
321,firstName,lastName,468893008,889
322,firstName,lastName,1666097768,876
323,firstName,lastName,499605336,661
324,firstName,lastName,593441352,532
325,firstName,lastName,1310482640,300
326,firstName,lastName,698065488,14
327,firstName,lastName,1092617808,184
328,firstName,lastName,163446232,688
329,firstName,lastName,1557584840,421
330,firstName,lastName,403706344,957
331,firstName,lastName,307679040,546
332,firstName,lastName,2130427376,874
333,firstName,lastName,547817568,40
334,firstName,lastName,1079830040,680
335,firstName,lastName,1479486872,388
336,firstName,lastName,118894976,827
337,firstName,lastName,2037086432,891
338,firstName,lastName,811546616,14
339,firstName,lastName,1298666648,89
340,firstName,lastName,565354336,31
341,firstName,lastName,63166448,316
342,firstName,lastName,1759661728,91
343,firstName,lastName,1978144808,897
344,firstName,lastName,57710040,323
345,firstName,lastName,2123417664,553
346,firstName,lastName,1580858064,883
347,firstName,lastName,363466168,47
348,firstName,lastName,927667520,80
349,firstName,lastName,341723984,38
350,firstName,lastName,2048291216,678
351,firstName,lastName,176715224,835
352,firstName,lastName,294483584,599
353,firstName,lastName,473470184,682
354,firstName,lastName,474042360,622
355,firstName,lastName,1318273296,793
356,firstName,lastName,1083109888,460
357,firstName,lastName,840280824,485
358,firstName,lastName,684014712,50
359,firstName,lastName,750327344,330
360,firstName,lastName,508034672,285
361,firstName,lastName,1633087248,166
362,firstName,lastName,373066072,225
363,firstName,lastName,1178429016,19
364,firstName,lastName,22557888,771
365,firstName,lastName,1664987424,795
366,firstName,lastName,293098408,367
367,firstName,lastName,109852192,446
368,firstName,lastName,666242776,424
369,firstName,lastName,2018600216,154
370,firstName,lastName,113313184,804
371,firstName,lastName,1699270816,902
372,firstName,lastName,1919645552,66
373,firstName,lastName,128659976,537
374,firstName,lastName,1374122184,228
375,firstName,lastName,393694768,321
376,firstName,lastName,770057624,343
377,firstName,lastName,332181128,460
378,firstName,lastName,866397584,563
379,firstName,lastName,971913240,734
380,firstName,lastName,462071568,68
381,firstName,lastName,2019449936,589
382,firstName,lastName,1295443264,711
383,firstName,lastName,1393803056,485
384,firstName,lastName,857003840,437
385,firstName,lastName,1173412264,324
386,firstName,lastName,1592876048,485
387,firstName,lastName,1596165200,692
388,firstName,lastName,595126624,583
389,firstName,lastName,468157024,177
390,firstName,lastName,816654744,805
391,firstName,lastName,1207654816,138
392,firstName,lastName,1759159672,189
393,firstName,lastName,418051544,244
394,firstName,lastName,343158472,656
395,firstName,lastName,1142640240,123
396,firstName,lastName,606249480,899
397,firstName,lastName,1320921648,692
398,firstName,lastName,1820644720,929
399,firstName,lastName,263877448,182
400,firstName,lastName,189290976,105
401,firstName,lastName,1290317376,468
402,firstName,lastName,860779440,367
403,firstName,lastName,437773040,72
404,firstName,lastName,1825706944,272
405,firstName,lastName,1909248280,738
406,firstName,lastName,859415336,995
407,firstName,lastName,216884416,962
408,firstName,lastName,1566257824,436
409,firstName,lastName,671617712,723
410,firstName,lastName,97755448,65
411,firstName,lastName,1288110816,823
412,firstName,lastName,808923576,121
413,firstName,lastName,1289576280,40
414,firstName,lastName,682938304,181
415,firstName,lastName,1663141416,216
416,firstName,lastName,830543392,101
417,firstName,lastName,1828898640,295
418,firstName,lastName,1017983752,711
419,firstName,lastName,1056748008,961
420,firstName,lastName,231918440,658
421,firstName,lastName,1639131160,84
422,firstName,lastName,40815808,881
423,firstName,lastName,732859896,751
424,firstName,lastName,751755968,369
425,firstName,lastName,1505098000,514
426,firstName,lastName,2011732200,150
427,firstName,lastName,1993085848,31
428,firstName,lastName,937125728,493
429,firstName,lastName,610824544,913
430,firstName,lastName,977460032,263
431,firstName,lastName,337692984,976
432,firstName,lastName,214990800,953
433,firstName,lastName,454036288,712
434,firstName,lastName,1971471416,913
435,firstName,lastName,654349520,120
436,firstName,lastName,1704937088,570
437,firstName,lastName,1006969368,227
438,firstName,lastName,1112418600,204
439,firstName,lastName,969046360,234
440,firstName,lastName,1420583752,191
441,firstName,lastName,1399792840,265
442,firstName,lastName,2131249800,193
443,firstName,lastName,1187852112,215
444,firstName,lastName,1681564976,683
445,firstName,lastName,619963120,459
446,firstName,lastName,556575680,207
447,firstName,lastName,720396816,703
448,firstName,lastName,1912083504,665
449,firstName,lastName,827930232,381
450,firstName,lastName,1350904992,613
451,firstName,lastName,1497483112,620
452,firstName,lastName,11105504,334
453,firstName,lastName,1045851968,644
454,firstName,lastName,1539020016,210
455,firstName,lastName,347132496,140
456,firstName,lastName,483256288,972
457,firstName,lastName,647499768,660
458,firstName,lastName,1753682712,867
459,firstName,lastName,762005744,198
460,firstName,lastName,1340512792,978
461,firstName,lastName,2044138608,543
462,firstName,lastName,1756987792,912
463,firstName,lastName,428577000,87
464,firstName,lastName,1966583960,230
465,firstName,lastName,1899405048,688
466,firstName,lastName,1094666248,506
467,firstName,lastName,660484736,735
468,firstName,lastName,399544104,733
469,firstName,lastName,1897531552,531
470,firstName,lastName,607417672,372
471,firstName,lastName,718935776,462
472,firstName,lastName,1783443112,677
473,firstName,lastName,681622880,519
474,firstName,lastName,2112957544,589
475,firstName,lastName,1252068640,404
476,firstName,lastName,2136995120,547
477,firstName,lastName,1175539728,701
478,firstName,lastName,998936112,344
479,firstName,lastName,2013871768,963
480,firstName,lastName,854366312,82
481,firstName,lastName,2142055864,229
482,firstName,lastName,1250380344,649
483,firstName,lastName,665088288,975
484,firstName,lastName,1534677472,237
485,firstName,lastName,308763344,490
486,firstName,lastName,1964058400,272
487,firstName,lastName,1721686064,667
488,firstName,lastName,210529536,731
489,firstName,lastName,1989470272,925
490,firstName,lastName,1190545392,232
491,firstName,lastName,1482208384,894
492,firstName,lastName,1413348440,327
493,firstName,lastName,174910640,470
494,firstName,lastName,1478817440,769
495,firstName,lastName,525869376,98
496,firstName,lastName,1794598768,171
497,firstName,lastName,2120310744,377
498,firstName,lastName,2060445744,782
499,firstName,lastName,359657344,512
500,firstName,lastName,1194149496,168
501,firstName,lastName,1931593712,263
502,firstName,lastName,2094405768,320
503,firstName,lastName,1230580480,38
504,firstName,lastName,424137720,674
505,firstName,lastName,785207520,983
506,firstName,lastName,1305077392,330
507,firstName,lastName,1045325448,277
508,firstName,lastName,860841408,579
509,firstName,lastName,1435422784,51
510,firstName,lastName,23534408,422
511,firstName,lastName,1589990048,627
512,firstName,lastName,308992000,927
513,firstName,lastName,693593408,486
514,firstName,lastName,259294160,660
515,firstName,lastName,1850443368,204
516,firstName,lastName,1425649392,306
517,firstName,lastName,1603283368,139
518,firstName,lastName,1805344904,273
519,firstName,lastName,48592512,824
520,firstName,lastName,2069728672,96
521,firstName,lastName,792893968,316
522,firstName,lastName,421718608,421
523,firstName,lastName,238390168,32
524,firstName,lastName,559168856,836
525,firstName,lastName,2126104808,552
526,firstName,lastName,816645896,262
527,firstName,lastName,2052791712,335
528,firstName,lastName,1279421768,128
529,firstName,lastName,1574429776,191
530,firstName,lastName,41858680,355
531,firstName,lastName,1042682544,213
532,firstName,lastName,1724296776,2
533,firstName,lastName,1635074984,631
534,firstName,lastName,398969280,998
535,firstName,lastName,994702016,82
536,firstName,lastName,1911463752,313
537,firstName,lastName,1598870184,523
538,firstName,lastName,1681514312,836
539,firstName,lastName,1976534648,465
540,firstName,lastName,1738746216,639
541,firstName,lastName,1975594144,152
542,firstName,lastName,1443385952,828
543,firstName,lastName,850936096,54
544,firstName,lastName,1330735968,93
545,firstName,lastName,1310622496,713
546,firstName,lastName,367146816,441
547,firstName,lastName,263372032,772
548,firstName,lastName,2099893248,277
549,firstName,lastName,100222968,531
550,firstName,lastName,566323200,247
551,firstName,lastName,1942300720,586
552,firstName,lastName,1390673336,300
553,firstName,lastName,1603069872,928
554,firstName,lastName,1546816216,444
555,firstName,lastName,262119040,393
556,firstName,lastName,677437296,148
557,firstName,lastName,1324765280,173
558,firstName,lastName,2032565152,318
559,firstName,lastName,1888191120,735
560,firstName,lastName,1365951720,468
561,firstName,lastName,2123448496,917
562,firstName,lastName,2104009832,176
563,firstName,lastName,484570784,99
564,firstName,lastName,995344208,469
565,firstName,lastName,912191248,986
566,firstName,lastName,1992976584,78
567,firstName,lastName,1594258648,606
568,firstName,lastName,379007696,320
569,firstName,lastName,2088803792,719
570,firstName,lastName,235153248,13
571,firstName,lastName,703621112,357
572,firstName,lastName,2081467408,755
573,firstName,lastName,162705200,736
574,firstName,lastName,480315200,595
575,firstName,lastName,69660040,912
576,firstName,lastName,1463031336,552
577,firstName,lastName,1215573896,690
578,firstName,lastName,1452260720,614
579,firstName,lastName,426974208,589
580,firstName,lastName,41393408,792
581,firstName,lastName,1845447784,544
582,firstName,lastName,1081465280,870
583,firstName,lastName,1085863320,655
584,firstName,lastName,1606675352,712
585,firstName,lastName,588035896,371
586,firstName,lastName,367396616,789
587,firstName,lastName,475831160,523
588,firstName,lastName,1553358952,241
589,firstName,lastName,1427102960,584
590,firstName,lastName,1052006120,853
591,firstName,lastName,711726320,102
592,firstName,lastName,1651857688,318
593,firstName,lastName,1445166504,72
594,firstName,lastName,642100536,877
595,firstName,lastName,858178032,569
596,firstName,lastName,1968221592,479
597,firstName,lastName,1893977856,361
598,firstName,lastName,959338504,932
599,firstName,lastName,1508385328,951
600,firstName,lastName,1155774584,444
601,firstName,lastName,134976000,652
602,firstName,lastName,175999808,154
603,firstName,lastName,307125136,525
604,firstName,lastName,930635424,457
605,firstName,lastName,1265630536,892
606,firstName,lastName,1475599296,581
607,firstName,lastName,1576529416,361
608,firstName,lastName,431799696,236
609,firstName,lastName,1617633576,766
610,firstName,lastName,280723192,590
611,firstName,lastName,56637504,854
612,firstName,lastName,243747856,820
613,firstName,lastName,1723179600,101
614,firstName,lastName,1640411736,88
615,firstName,lastName,197316624,629
616,firstName,lastName,895781232,823
617,firstName,lastName,2108783064,712
618,firstName,lastName,1656075840,60
619,firstName,lastName,1773818632,826
620,firstName,lastName,629765920,678
621,firstName,lastName,156043096,866
622,firstName,lastName,1308048584,238
623,firstName,lastName,1668258184,856
624,firstName,lastName,1299364568,555
625,firstName,lastName,1811303432,450
626,firstName,lastName,793372224,340
627,firstName,lastName,116144160,464
628,firstName,lastName,1290575376,259
629,firstName,lastName,1758618008,556
630,firstName,lastName,435435272,826
631,firstName,lastName,1703838904,450
632,firstName,lastName,102360744,43
633,firstName,lastName,517933320,397
634,firstName,lastName,1427931512,480
635,firstName,lastName,1538091776,905
636,firstName,lastName,683740264,81
637,firstName,lastName,515814528,125
638,firstName,lastName,1507667072,981
639,firstName,lastName,1891415144,61
640,firstName,lastName,1805087696,141
641,firstName,lastName,1976202112,270
642,firstName,lastName,452743800,828
643,firstName,lastName,465744312,107
644,firstName,lastName,1148423296,78
645,firstName,lastName,1112798800,576
646,firstName,lastName,1147725064,773
647,firstName,lastName,1646450240,224
648,firstName,lastName,1681671808,618
649,firstName,lastName,909333560,778
650,firstName,lastName,1801976536,560
651,firstName,lastName,1843209568,983
652,firstName,lastName,1015315896,201
653,firstName,lastName,1786974032,760
654,firstName,lastName,918629960,190
655,firstName,lastName,794250080,202
656,firstName,lastName,1887968232,914
657,firstName,lastName,1702432328,530
658,firstName,lastName,1543445776,81
659,firstName,lastName,1507952816,844
660,firstName,lastName,1183751784,390
661,firstName,lastName,1770353416,825
662,firstName,lastName,1107224096,93
663,firstName,lastName,1490296752,702
664,firstName,lastName,670565968,529
665,firstName,lastName,1685478032,294
666,firstName,lastName,549969960,647
667,firstName,lastName,408445976,25
668,firstName,lastName,465539000,848
669,firstName,lastName,135715112,419
670,firstName,lastName,1955610968,365
671,firstName,lastName,2086367400,800
672,firstName,lastName,617715480,123
673,firstName,lastName,1077047264,362
674,firstName,lastName,1398800280,575
675,firstName,lastName,1614260648,504
676,firstName,lastName,1739252752,556
677,firstName,lastName,1869175680,339
678,firstName,lastName,802437120,621
679,firstName,lastName,2023479040,451
680,firstName,lastName,1455374688,630
681,firstName,lastName,1518706016,334
682,firstName,lastName,1551109336,700
683,firstName,lastName,471503344,821
684,firstName,lastName,1722593240,885
685,firstName,lastName,1205025664,363
686,firstName,lastName,874397920,387
687,firstName,lastName,1073620640,119
688,firstName,lastName,201012112,227
689,firstName,lastName,1904622784,633
690,firstName,lastName,2116201168,235
691,firstName,lastName,788830280,153
692,firstName,lastName,1627076312,406
693,firstName,lastName,1366701784,475
694,firstName,lastName,786771792,849
695,firstName,lastName,753134976,539
696,firstName,lastName,40306040,804
697,firstName,lastName,338583256,743
698,firstName,lastName,1458827440,478
699,firstName,lastName,1197170808,124
700,firstName,lastName,2021505312,752
701,firstName,lastName,889975632,612
702,firstName,lastName,582166392,525
703,firstName,lastName,1391576952,635
704,firstName,lastName,170843272,224
705,firstName,lastName,358395792,49
706,firstName,lastName,486393944,463
707,firstName,lastName,593779240,395
708,firstName,lastName,930026192,226
709,firstName,lastName,255927536,326
710,firstName,lastName,1478210816,505
711,firstName,lastName,322012616,957
712,firstName,lastName,51164728,632
713,firstName,lastName,868419224,208
714,firstName,lastName,89735880,163
715,firstName,lastName,1223011944,981
716,firstName,lastName,297901344,303
717,firstName,lastName,750580168,996
718,firstName,lastName,1065492176,87
719,firstName,lastName,950168664,601
720,firstName,lastName,430068640,125
721,firstName,lastName,1365893736,833
722,firstName,lastName,1040554128,162
723,firstName,lastName,2114476048,499
724,firstName,lastName,1399679408,510
725,firstName,lastName,530551224,863
726,firstName,lastName,596602408,403
727,firstName,lastName,344217472,101
728,firstName,lastName,1694571144,509
729,firstName,lastName,1480772864,374
730,firstName,lastName,738561544,651
731,firstName,lastName,1666104352,445
732,firstName,lastName,593222896,550
733,firstName,lastName,1162556760,786
734,firstName,lastName,86425040,64
735,firstName,lastName,1527018656,424
736,firstName,lastName,1474325200,811
737,firstName,lastName,1531688136,648
738,firstName,lastName,806253768,724
739,firstName,lastName,1529201736,815
740,firstName,lastName,346626696,654
741,firstName,lastName,352045320,177
742,firstName,lastName,965238712,270
743,firstName,lastName,1954381888,806
744,firstName,lastName,901889672,966
745,firstName,lastName,1677741168,953
746,firstName,lastName,2042282600,563
747,firstName,lastName,153513840,296
748,firstName,lastName,1534371648,353
749,firstName,lastName,1261307512,221
750,firstName,lastName,1354312112,113
751,firstName,lastName,540326920,136
752,firstName,lastName,407857632,313
753,firstName,lastName,1543671376,495
754,firstName,lastName,1753259400,608
755,firstName,lastName,515277584,815
756,firstName,lastName,214608904,851
757,firstName,lastName,1356733320,432
758,firstName,lastName,70878144,288
759,firstName,lastName,2031799224,117
760,firstName,lastName,962737320,632
761,firstName,lastName,2040911072,223
762,firstName,lastName,1889651640,757
763,firstName,lastName,259780600,971
764,firstName,lastName,678208208,137
765,firstName,lastName,16426032,795
766,firstName,lastName,311900904,814
767,firstName,lastName,1049044152,295
768,firstName,lastName,525559544,877
769,firstName,lastName,313483536,517
770,firstName,lastName,652812832,28
771,firstName,lastName,1811402136,619
772,firstName,lastName,739769464,207
773,firstName,lastName,603061832,371
774,firstName,lastName,1226747992,184
775,firstName,lastName,1340304800,344
776,firstName,lastName,1266308632,735
777,firstName,lastName,518024600,733
778,firstName,lastName,298827456,775
779,firstName,lastName,1399774216,112
780,firstName,lastName,1089693976,138
781,firstName,lastName,1565856176,987
782,firstName,lastName,1901462152,467
783,firstName,lastName,1472783952,660
784,firstName,lastName,1889127952,275
785,firstName,lastName,1414369744,345
786,firstName,lastName,948016384,819
787,firstName,lastName,1989692336,298
788,firstName,lastName,1046885528,898
789,firstName,lastName,295182776,280
790,firstName,lastName,954700688,193
791,firstName,lastName,666658424,47
792,firstName,lastName,1413777536,621
793,firstName,lastName,1048661504,527
794,firstName,lastName,876572504,295
795,firstName,lastName,76351624,681
796,firstName,lastName,183552744,271
797,firstName,lastName,425241488,635
798,firstName,lastName,1102756776,400
799,firstName,lastName,887770168,922
800,firstName,lastName,437356144,230
801,firstName,lastName,461674656,956
802,firstName,lastName,1059104256,276
803,firstName,lastName,1325059192,334
804,firstName,lastName,675070832,205
805,firstName,lastName,346489416,668
806,firstName,lastName,210406184,704
807,firstName,lastName,1323841568,256
808,firstName,lastName,729503552,493
809,firstName,lastName,1791825640,452
810,firstName,lastName,2009390416,980
811,firstName,lastName,430728136,408
812,firstName,lastName,386769880,896
813,firstName,lastName,934746840,545
814,firstName,lastName,1686777912,447
815,firstName,lastName,570875000,816
816,firstName,lastName,1440806400,791
817,firstName,lastName,1311435456,194
818,firstName,lastName,1274980352,666
819,firstName,lastName,1487883592,381
820,firstName,lastName,1472745360,346
821,firstName,lastName,500739304,38
822,firstName,lastName,247840600,646
823,firstName,lastName,1775409520,425
824,firstName,lastName,284989640,257
825,firstName,lastName,386487744,317
826,firstName,lastName,1780547288,228
827,firstName,lastName,225378144,444
828,firstName,lastName,1850560408,137
829,firstName,lastName,1696414048,966
830,firstName,lastName,895561312,760
831,firstName,lastName,1154011416,8
832,firstName,lastName,1703709536,537
833,firstName,lastName,1403877712,798
834,firstName,lastName,457295488,531
835,firstName,lastName,1666311424,810
836,firstName,lastName,1513201872,129
837,firstName,lastName,454571440,48
838,firstName,lastName,204999736,466
839,firstName,lastName,490491600,822
840,firstName,lastName,311267984,881
841,firstName,lastName,1994642128,863
842,firstName,lastName,1095524056,32
843,firstName,lastName,2005934752,914
844,firstName,lastName,356246776,122
845,firstName,lastName,919008616,199
846,firstName,lastName,434658464,252
847,firstName,lastName,485129672,802
848,firstName,lastName,776924944,913
849,firstName,lastName,1586835920,510
850,firstName,lastName,523807904,458
851,firstName,lastName,2112540000,402
852,firstName,lastName,508515976,996
853,firstName,lastName,951342680,934
854,firstName,lastName,2068345808,18
855,firstName,lastName,1673317008,937
856,firstName,lastName,585511280,826
857,firstName,lastName,685115568,206
858,firstName,lastName,1545355304,732
859,firstName,lastName,488198848,874
860,firstName,lastName,1886025152,412
861,firstName,lastName,2004998928,130
862,firstName,lastName,2054852416,645
863,firstName,lastName,306554272,496
864,firstName,lastName,1976695032,715
865,firstName,lastName,1189825896,836
866,firstName,lastName,788720800,194
867,firstName,lastName,137632952,693
868,firstName,lastName,129877824,601
869,firstName,lastName,1732969240,74
870,firstName,lastName,600515040,947
871,firstName,lastName,151844784,288
872,firstName,lastName,865652480,964
873,firstName,lastName,656322168,906
874,firstName,lastName,38205032,825
875,firstName,lastName,98299984,537
876,firstName,lastName,1794225872,669
877,firstName,lastName,1227959048,342
878,firstName,lastName,351136056,516
879,firstName,lastName,973935168,254
880,firstName,lastName,496041736,388
881,firstName,lastName,1033049416,655
882,firstName,lastName,517718008,462
883,firstName,lastName,1472535384,106
884,firstName,lastName,563224688,17
885,firstName,lastName,31926752,806
886,firstName,lastName,1681055872,231
887,firstName,lastName,1336535568,836
888,firstName,lastName,431997992,848
889,firstName,lastName,186115368,824
890,firstName,lastName,1486621184,176
891,firstName,lastName,386630872,353
892,firstName,lastName,764131256,726
893,firstName,lastName,979293888,18
894,firstName,lastName,312806512,334
895,firstName,lastName,1632058936,894
896,firstName,lastName,355565512,612
897,firstName,lastName,1861153912,565
898,firstName,lastName,944496280,59
899,firstName,lastName,1649215296,882
900,firstName,lastName,1640474280,977
901,firstName,lastName,1381891696,237
902,firstName,lastName,623318496,899
903,firstName,lastName,1090603336,679
904,firstName,lastName,1399175920,441
905,firstName,lastName,1071988608,111
906,firstName,lastName,213825952,959
907,firstName,lastName,1184822320,646
908,firstName,lastName,954747856,796
909,firstName,lastName,953436488,674
910,firstName,lastName,1556824,728
911,firstName,lastName,699498536,662
912,firstName,lastName,223091632,883
913,firstName,lastName,1829855008,865
914,firstName,lastName,1020883208,893
915,firstName,lastName,1224608952,818
916,firstName,lastName,896601312,318
917,firstName,lastName,1609579336,367
918,firstName,lastName,1607320664,816
919,firstName,lastName,299028088,363
920,firstName,lastName,54955232,14
921,firstName,lastName,1823893400,811
922,firstName,lastName,1260278448,284
923,firstName,lastName,155335368,603
924,firstName,lastName,647602928,864
925,firstName,lastName,1295584968,600
926,firstName,lastName,655995752,203
927,firstName,lastName,1262380088,59
928,firstName,lastName,1422060336,994
929,firstName,lastName,985834848,911
930,firstName,lastName,1031399904,232
931,firstName,lastName,1716765968,375
932,firstName,lastName,1543776784,365
933,firstName,lastName,1819091152,384
934,firstName,lastName,2071865392,880
935,firstName,lastName,1742278264,686
936,firstName,lastName,651376640,408
937,firstName,lastName,939122768,592
938,firstName,lastName,53899304,256
939,firstName,lastName,1679736512,405
940,firstName,lastName,1691268360,425
941,firstName,lastName,2103299832,792
942,firstName,lastName,1378529144,755
943,firstName,lastName,400870584,815
944,firstName,lastName,1207173976,54
945,firstName,lastName,286266920,708
946,firstName,lastName,1761770672,566
947,firstName,lastName,1309577544,39
948,firstName,lastName,385915672,20
949,firstName,lastName,1749759192,543
950,firstName,lastName,904682816,957
951,firstName,lastName,2036529168,41
952,firstName,lastName,894009784,777
953,firstName,lastName,1665292992,211
954,firstName,lastName,1183394840,526
955,firstName,lastName,473930840,172
956,firstName,lastName,1735268224,767
957,firstName,lastName,111925792,970
958,firstName,lastName,1911681672,330
959,firstName,lastName,861543944,639
960,firstName,lastName,266239792,994
961,firstName,lastName,623220144,437
962,firstName,lastName,1227390616,784
963,firstName,lastName,559383928,802
964,firstName,lastName,1368722808,305
965,firstName,lastName,866008560,195
966,firstName,lastName,1873430096,658
967,firstName,lastName,1805077040,755
968,firstName,lastName,236738424,886
969,firstName,lastName,1431629448,409
970,firstName,lastName,673931440,868
971,firstName,lastName,859118472,766
972,firstName,lastName,390944368,872
973,firstName,lastName,1016137328,469
974,firstName,lastName,1557230352,232
975,firstName,lastName,457835096,395
976,firstName,lastName,1097663496,220
977,firstName,lastName,67626080,806
978,firstName,lastName,130114728,367
979,firstName,lastName,699868856,29
980,firstName,lastName,2137293008,369
981,firstName,lastName,1588944680,483
982,firstName,lastName,1470572072,42
983,firstName,lastName,482435288,758
984,firstName,lastName,832078488,5
985,firstName,lastName,134806664,781
986,firstName,lastName,563314688,100
987,firstName,lastName,1556754056,825
988,firstName,lastName,1682305944,839
989,firstName,lastName,191034448,999
990,firstName,lastName,1891490840,987
991,firstName,lastName,643564432,194
992,firstName,lastName,128253128,740
993,firstName,lastName,1107549928,776
994,firstName,lastName,1128207496,547
995,firstName,lastName,1623284616,326
996,firstName,lastName,301818568,783
997,firstName,lastName,265961752,465
998,firstName,lastName,1780844344,615
999,firstName,lastName,1974774680,46
1000,firstName,lastName,92686256,477
